url: http://api.fixer.io/latest?base=EURResponse Code: 200Response Data: {"base":"EUR","date":"2017-02-24","rates":{"AUD":1.3816,"BGN":1.9558,"BRL":3.277,"CAD":1.3907,"CHF":1.0649,"CNY":7.2873,"CZK":27.021,"DKK":7.4344,"GBP":0.84503,"HKD":8.2341,"HRK":7.4275,"HUF":308.59,"IDR":14128.0,"ILS":3.9241,"INR":70.664,"JPY":119.04,"KRW":1198.2,"MXN":20.893,"MYR":4.7109,"NOK":8.8365,"NZD":1.4711,"PHP":53.255,"PLN":4.3107,"RON":4.517,"RUB":61.644,"SEK":9.5188,"SGD":1.4892,"THB":37.006,"TRY":3.7991,"USD":1.0609,"ZAR":13.702}}url: http://api.fixer.io/latest?base=AUDResponse Code: 200Response Data: {"base":"AUD","date":"2017-02-24","rates":{"BGN":1.4156,"BRL":2.3719,"CAD":1.0066,"CHF":0.77077,"CNY":5.2745,"CZK":19.558,"DKK":5.381,"GBP":0.61163,"HKD":5.9598,"HRK":5.376,"HUF":223.36,"IDR":10226.0,"ILS":2.8403,"INR":51.146,"JPY":86.161,"KRW":867.26,"MXN":15.122,"MYR":3.4097,"NOK":6.3958,"NZD":1.0648,"PHP":38.546,"PLN":3.1201,"RON":3.2694,"RUB":44.618,"SEK":6.8897,"SGD":1.0779,"THB":26.785,"TRY":2.7498,"USD":0.76788,"ZAR":9.9175,"EUR":0.7238}}url: http://api.fixer.io/latest?base=BGNResponse Code: 200Response Data: {"base":"BGN","date":"2017-02-24","rates":{"AUD":0.70641,"BRL":1.6755,"CAD":0.71106,"CHF":0.54448,"CNY":3.726,"CZK":13.816,"DKK":3.8012,"GBP":0.43206,"HKD":4.2101,"HRK":3.7977,"HUF":157.78,"IDR":7223.6,"ILS":2.0064,"INR":36.13,"JPY":60.865,"KRW":612.64,"MXN":10.683,"MYR":2.4087,"NOK":4.5181,"NZD":0.75217,"PHP":27.229,"PLN":2.2041,"RON":2.3095,"RUB":31.519,"SEK":4.867,"SGD":0.76143,"THB":18.921,"TRY":1.9425,"USD":0.54244,"ZAR":7.0058,"EUR":0.5113}}url: http://api.fixer.io/latest?base=BRLResponse Code: 200Response Data: {"base":"BRL","date":"2017-02-24","rates":{"AUD":0.42161,"BGN":0.59683,"CAD":0.42438,"CHF":0.32496,"CNY":2.2238,"CZK":8.2457,"DKK":2.2687,"GBP":0.25787,"HKD":2.5127,"HRK":2.2666,"HUF":94.168,"IDR":4311.3,"ILS":1.1975,"INR":21.564,"JPY":36.326,"KRW":365.64,"MXN":6.3756,"MYR":1.4376,"NOK":2.6965,"NZD":0.44892,"PHP":16.251,"PLN":1.3154,"RON":1.3784,"RUB":18.811,"SEK":2.9047,"SGD":0.45444,"THB":11.293,"TRY":1.1593,"USD":0.32374,"ZAR":4.1813,"EUR":0.30516}}url: http://api.fixer.io/latest?base=CHFResponse Code: 200Response Data: {"base":"CHF","date":"2017-02-24","rates":{"AUD":1.2974,"BGN":1.8366,"BRL":3.0773,"CAD":1.3059,"CNY":6.8432,"CZK":25.374,"DKK":6.9813,"GBP":0.79353,"HKD":7.7323,"HRK":6.9748,"HUF":289.78,"IDR":13267.0,"ILS":3.6849,"INR":66.357,"JPY":111.79,"KRW":1125.2,"MXN":19.62,"MYR":4.4238,"NOK":8.298,"NZD":1.3814,"PHP":50.009,"PLN":4.048,"RON":4.2417,"RUB":57.887,"SEK":8.9387,"SGD":1.3984,"THB":34.751,"TRY":3.5676,"USD":0.99624,"ZAR":12.867,"EUR":0.93906}}url: http://api.fixer.io/latest?base=CNYResponse Code: 200Response Data: {"base":"CNY","date":"2017-02-24","rates":{"AUD":0.18959,"BGN":0.26838,"BRL":0.44969,"CAD":0.19084,"CHF":0.14613,"CZK":3.708,"DKK":1.0202,"GBP":0.11596,"HKD":1.1299,"HRK":1.0192,"HUF":42.346,"IDR":1938.7,"ILS":0.53848,"INR":9.6969,"JPY":16.335,"KRW":164.42,"MXN":2.867,"MYR":0.64645,"NOK":1.2126,"NZD":0.20187,"PHP":7.3079,"PLN":0.59154,"RON":0.61985,"RUB":8.4591,"SEK":1.3062,"SGD":0.20436,"THB":5.0781,"TRY":0.52133,"USD":0.14558,"ZAR":1.8803,"EUR":0.13723}}url: http://api.fixer.io/latest?base=CADResponse Code: 200Response Data: {"base":"CAD","date":"2017-02-24","rates":{"AUD":0.99346,"BGN":1.4063,"BRL":2.3564,"CHF":0.76573,"CNY":5.24,"CZK":19.43,"DKK":5.3458,"GBP":0.60763,"HKD":5.9208,"HRK":5.3408,"HUF":221.9,"IDR":10159.0,"ILS":2.8217,"INR":50.812,"JPY":85.597,"KRW":861.58,"MXN":15.023,"MYR":3.3874,"NOK":6.354,"NZD":1.0578,"PHP":38.294,"PLN":3.0997,"RON":3.248,"RUB":44.326,"SEK":6.8446,"SGD":1.0708,"THB":26.61,"TRY":2.7318,"USD":0.76285,"ZAR":9.8526,"EUR":0.71906}}url: http://api.fixer.io/latest?base=DKKResponse Code: 200Response Data: {"base":"DKK","date":"2017-02-24","rates":{"AUD":0.18584,"BGN":0.26307,"BRL":0.44079,"CAD":0.18706,"CHF":0.14324,"CNY":0.98021,"CZK":3.6346,"GBP":0.11366,"HKD":1.1076,"HRK":0.99907,"HUF":41.508,"IDR":1900.4,"ILS":0.52783,"INR":9.505,"JPY":16.012,"KRW":161.17,"MXN":2.8103,"MYR":0.63366,"NOK":1.1886,"NZD":0.19788,"PHP":7.1633,"PLN":0.57983,"RON":0.60758,"RUB":8.2917,"SEK":1.2804,"SGD":0.20031,"THB":4.9777,"TRY":0.51102,"USD":0.1427,"ZAR":1.8431,"EUR":0.13451}}url: http://api.fixer.io/latest?base=CZKResponse Code: 200Response Data: {"base":"CZK","date":"2017-02-24","rates":{"AUD":0.051131,"BGN":0.072381,"BRL":0.12128,"CAD":0.051467,"CHF":0.03941,"CNY":0.26969,"DKK":0.27513,"GBP":0.031273,"HKD":0.30473,"HRK":0.27488,"HUF":11.42,"IDR":522.85,"ILS":0.14522,"INR":2.6152,"JPY":4.4055,"KRW":44.343,"MXN":0.77321,"MYR":0.17434,"NOK":0.32702,"NZD":0.054443,"PHP":1.9709,"PLN":0.15953,"RON":0.16717,"RUB":2.2813,"SEK":0.35227,"SGD":0.055113,"THB":1.3695,"TRY":0.1406,"USD":0.039262,"ZAR":0.50709,"EUR":0.037008}}url: http://api.fixer.io/latest?base=GBPResponse Code: 200Response Data: {"base":"GBP","date":"2017-02-24","rates":{"AUD":1.635,"BGN":2.3145,"BRL":3.878,"CAD":1.6457,"CHF":1.2602,"CNY":8.6237,"CZK":31.976,"DKK":8.7978,"HKD":9.7442,"HRK":8.7896,"HUF":365.18,"IDR":16719.0,"ILS":4.6437,"INR":83.623,"JPY":140.87,"KRW":1417.9,"MXN":24.725,"MYR":5.5748,"NOK":10.457,"NZD":1.7409,"PHP":63.021,"PLN":5.1012,"RON":5.3454,"RUB":72.949,"SEK":11.264,"SGD":1.7623,"THB":43.793,"TRY":4.4958,"USD":1.2555,"ZAR":16.215,"EUR":1.1834}}url: http://api.fixer.io/latest?base=HKDResponse Code: 200Response Data: {"base":"HKD","date":"2017-02-24","rates":{"AUD":0.16779,"BGN":0.23752,"BRL":0.39798,"CAD":0.1689,"CHF":0.12933,"CNY":0.88501,"CZK":3.2816,"DKK":0.90288,"GBP":0.10263,"HRK":0.90204,"HUF":37.477,"IDR":1715.8,"ILS":0.47657,"INR":8.5819,"JPY":14.457,"KRW":145.52,"MXN":2.5374,"MYR":0.57212,"NOK":1.0732,"NZD":0.17866,"PHP":6.4676,"PLN":0.52352,"RON":0.54857,"RUB":7.4864,"SEK":1.156,"SGD":0.18086,"THB":4.4942,"TRY":0.46139,"USD":0.12884,"ZAR":1.6641,"EUR":0.12145}}url: http://api.fixer.io/latest?base=HUFResponse Code: 200Response Data: {"base":"HUF","date":"2017-02-24","rates":{"AUD":0.0044771,"BGN":0.0063379,"BRL":0.010619,"CAD":0.0045066,"CHF":0.0034509,"CNY":0.023615,"CZK":0.087563,"DKK":0.024092,"GBP":0.0027384,"HKD":0.026683,"HRK":0.024069,"IDR":45.782,"ILS":0.012716,"INR":0.22899,"JPY":0.38575,"KRW":3.8828,"MXN":0.067705,"MYR":0.015266,"NOK":0.028635,"NZD":0.0047672,"PHP":0.17258,"PLN":0.013969,"RON":0.014638,"RUB":0.19976,"SEK":0.030846,"SGD":0.0048258,"THB":0.11992,"TRY":0.012311,"USD":0.0034379,"ZAR":0.044402,"EUR":0.0032405}}url: http://api.fixer.io/latest?base=IDRResponse Code: 200Response Data: {"base":"IDR","date":"2017-02-24","rates":{"AUD":9.7792e-05,"BGN":0.00013843,"BRL":0.00023195,"CAD":9.8436e-05,"CHF":7.5375e-05,"CNY":0.00051581,"CZK":0.0019126,"DKK":0.00052622,"GBP":5.9812e-05,"HKD":0.00058282,"HRK":0.00052573,"HUF":0.021842,"ILS":0.00027775,"INR":0.0050017,"JPY":0.0084258,"KRW":0.08481,"MXN":0.0014788,"MYR":0.00033344,"NOK":0.00062546,"NZD":0.00010413,"PHP":0.0037695,"PLN":0.00030512,"RON":0.00031972,"RUB":0.0043633,"SEK":0.00067375,"SGD":0.00010541,"THB":0.0026193,"TRY":0.00026891,"USD":7.5092e-05,"ZAR":0.00096985,"EUR":7.0781e-05}}url: http://api.fixer.io/latest?base=ILSResponse Code: 200Response Data: {"base":"ILS","date":"2017-02-24","rates":{"AUD":0.35208,"BGN":0.49841,"BRL":0.8351,"CAD":0.3544,"CHF":0.27137,"CNY":1.8571,"CZK":6.8859,"DKK":1.8945,"GBP":0.21534,"HKD":2.0983,"HRK":1.8928,"HUF":78.64,"IDR":3600.3,"INR":18.008,"JPY":30.336,"KRW":305.34,"MXN":5.3243,"MYR":1.2005,"NOK":2.2519,"NZD":0.37489,"PHP":13.571,"PLN":1.0985,"RON":1.1511,"RUB":15.709,"SEK":2.4257,"SGD":0.3795,"THB":9.4304,"TRY":0.96815,"USD":0.27035,"ZAR":3.4918,"EUR":0.25484}}url: http://api.fixer.io/latest?base=HRKResponse Code: 200Response Data: {"base":"HRK","date":"2017-02-24","rates":{"AUD":0.18601,"BGN":0.26332,"BRL":0.4412,"CAD":0.18724,"CHF":0.14337,"CNY":0.98112,"CZK":3.638,"DKK":1.0009,"GBP":0.11377,"HKD":1.1086,"HUF":41.547,"IDR":1902.1,"ILS":0.52832,"INR":9.5138,"JPY":16.027,"KRW":161.32,"MXN":2.8129,"MYR":0.63425,"NOK":1.1897,"NZD":0.19806,"PHP":7.17,"PLN":0.58037,"RON":0.60815,"RUB":8.2994,"SEK":1.2816,"SGD":0.2005,"THB":4.9823,"TRY":0.51149,"USD":0.14283,"ZAR":1.8448,"EUR":0.13463}}url: http://api.fixer.io/latest?base=INRResponse Code: 200Response Data: {"base":"INR","date":"2017-02-24","rates":{"AUD":0.019552,"BGN":0.027677,"BRL":0.046374,"CAD":0.01968,"CHF":0.01507,"CNY":0.10313,"CZK":0.38239,"DKK":0.10521,"GBP":0.011958,"HKD":0.11652,"HRK":0.10511,"HUF":4.367,"IDR":199.93,"ILS":0.055532,"JPY":1.6846,"KRW":16.956,"MXN":0.29567,"MYR":0.066666,"NOK":0.12505,"NZD":0.020818,"PHP":0.75364,"PLN":0.061003,"RON":0.063922,"RUB":0.87235,"SEK":0.13471,"SGD":0.021074,"THB":0.52369,"TRY":0.053763,"USD":0.015013,"ZAR":0.1939,"EUR":0.014151}}url: http://api.fixer.io/latest?base=JPYResponse Code: 200Response Data: {"base":"JPY","date":"2017-02-24","rates":{"AUD":0.011606,"BGN":0.01643,"BRL":0.027529,"CAD":0.011683,"CHF":0.0089457,"CNY":0.061217,"CZK":0.22699,"DKK":0.062453,"GBP":0.0070987,"HKD":0.069171,"HRK":0.062395,"HUF":2.5923,"IDR":118.68,"ILS":0.032965,"INR":0.59362,"KRW":10.066,"MXN":0.17551,"MYR":0.039574,"NOK":0.074231,"NZD":0.012358,"PHP":0.44737,"PLN":0.036212,"RON":0.037945,"RUB":0.51784,"SEK":0.079963,"SGD":0.01251,"THB":0.31087,"TRY":0.031914,"USD":0.0089121,"ZAR":0.1151,"EUR":0.0084005}}url: http://api.fixer.io/latest?base=KRWResponse Code: 200Response Data: {"base":"KRW","date":"2017-02-24","rates":{"AUD":0.0011531,"BGN":0.0016323,"BRL":0.0027349,"CAD":0.0011607,"CHF":0.00088875,"CNY":0.0060819,"CZK":0.022551,"DKK":0.0062046,"GBP":0.00070525,"HKD":0.0068721,"HRK":0.0061989,"HUF":0.25754,"IDR":11.791,"ILS":0.003275,"INR":0.058975,"JPY":0.099349,"MXN":0.017437,"MYR":0.0039316,"NOK":0.0073748,"NZD":0.0012278,"PHP":0.044446,"PLN":0.0035976,"RON":0.0037698,"RUB":0.051447,"SEK":0.0079442,"SGD":0.0012429,"THB":0.030885,"TRY":0.0031707,"USD":0.00088541,"ZAR":0.011435,"EUR":0.00083459}}url: http://api.fixer.io/latest?base=MXNResponse Code: 200Response Data: {"base":"MXN","date":"2017-02-24","rates":{"AUD":0.066127,"BGN":0.09361,"BRL":0.15685,"CAD":0.066563,"CHF":0.050969,"CNY":0.34879,"CZK":1.2933,"DKK":0.35583,"GBP":0.040446,"HKD":0.39411,"HRK":0.3555,"HUF":14.77,"IDR":676.21,"ILS":0.18782,"INR":3.3822,"JPY":5.6976,"KRW":57.349,"MYR":0.22548,"NOK":0.42294,"NZD":0.070411,"PHP":2.5489,"PLN":0.20632,"RON":0.2162,"RUB":2.9505,"SEK":0.4556,"SGD":0.071277,"THB":1.7712,"TRY":0.18184,"USD":0.050778,"ZAR":0.65582,"EUR":0.047863}}url: http://api.fixer.io/latest?base=MYRResponse Code: 200Response Data: {"base":"MYR","date":"2017-02-24","rates":{"AUD":0.29328,"BGN":0.41516,"BRL":0.69562,"CAD":0.29521,"CHF":0.22605,"CNY":1.5469,"CZK":5.7358,"DKK":1.5781,"GBP":0.17938,"HKD":1.7479,"HRK":1.5767,"HUF":65.506,"IDR":2999.0,"ILS":0.83298,"INR":15.0,"JPY":25.269,"KRW":254.35,"MXN":4.435,"NOK":1.8758,"NZD":0.31228,"PHP":11.305,"PLN":0.91505,"RON":0.95884,"RUB":13.085,"SEK":2.0206,"SGD":0.31612,"THB":7.8554,"TRY":0.80645,"USD":0.2252,"ZAR":2.9086,"EUR":0.21227}}url: http://api.fixer.io/latest?base=NOKResponse Code: 200Response Data: {"base":"NOK","date":"2017-02-24","rates":{"AUD":0.15635,"BGN":0.22133,"BRL":0.37085,"CAD":0.15738,"CHF":0.12051,"CNY":0.82468,"CZK":3.0579,"DKK":0.84133,"GBP":0.095629,"HKD":0.93183,"HRK":0.84055,"HUF":34.922,"IDR":1598.8,"ILS":0.44408,"INR":7.9968,"JPY":13.471,"KRW":135.6,"MXN":2.3644,"MYR":0.53312,"NZD":0.16648,"PHP":6.0267,"PLN":0.48783,"RON":0.51118,"RUB":6.9761,"SEK":1.0772,"SGD":0.16853,"THB":4.1879,"TRY":0.42993,"USD":0.12006,"ZAR":1.5506,"EUR":0.11317}}url: http://api.fixer.io/latest?base=NZDResponse Code: 200Response Data: {"base":"NZD","date":"2017-02-24","rates":{"AUD":0.93916,"BGN":1.3295,"BRL":2.2276,"CAD":0.94535,"CHF":0.72388,"CNY":4.9536,"CZK":18.368,"DKK":5.0536,"GBP":0.57442,"HKD":5.5972,"HRK":5.0489,"HUF":209.77,"IDR":9603.7,"ILS":2.6675,"INR":48.035,"JPY":80.919,"KRW":814.49,"MXN":14.202,"MYR":3.2023,"NOK":6.0067,"PHP":36.201,"PLN":2.9303,"RON":3.0705,"RUB":41.903,"SEK":6.4705,"SGD":1.0123,"THB":25.155,"TRY":2.5825,"USD":0.72116,"ZAR":9.3141,"EUR":0.67976}}url: http://api.fixer.io/latest?base=PHPResponse Code: 200Response Data: {"base":"PHP","date":"2017-02-24","rates":{"AUD":0.025943,"BGN":0.036725,"BRL":0.061534,"CAD":0.026114,"CHF":0.019996,"CNY":0.13684,"CZK":0.50739,"DKK":0.1396,"GBP":0.015868,"HKD":0.15462,"HRK":0.13947,"HUF":5.7946,"IDR":265.29,"ILS":0.073685,"INR":1.3269,"JPY":2.2353,"KRW":22.499,"MXN":0.39232,"MYR":0.088459,"NOK":0.16593,"NZD":0.027624,"PLN":0.080945,"RON":0.084818,"RUB":1.1575,"SEK":0.17874,"SGD":0.027964,"THB":0.69488,"TRY":0.071338,"USD":0.019921,"ZAR":0.25729,"EUR":0.018778}}url: http://api.fixer.io/latest?base=PLNResponse Code: 200Response Data: {"base":"PLN","date":"2017-02-24","rates":{"AUD":0.3205,"BGN":0.45371,"BRL":0.7602,"CAD":0.32262,"CHF":0.24704,"CNY":1.6905,"CZK":6.2684,"DKK":1.7246,"GBP":0.19603,"HKD":1.9102,"HRK":1.723,"HUF":71.587,"IDR":3277.4,"ILS":0.91032,"INR":16.393,"JPY":27.615,"KRW":277.96,"MXN":4.8468,"MYR":1.0928,"NOK":2.0499,"NZD":0.34127,"PHP":12.354,"RON":1.0479,"RUB":14.3,"SEK":2.2082,"SGD":0.34547,"THB":8.5847,"TRY":0.88132,"USD":0.24611,"ZAR":3.1786,"EUR":0.23198}}url: http://api.fixer.io/latest?base=RONResponse Code: 200Response Data: {"base":"RON","date":"2017-02-24","rates":{"AUD":0.30587,"BGN":0.43299,"BRL":0.72548,"CAD":0.30788,"CHF":0.23575,"CNY":1.6133,"CZK":5.9821,"DKK":1.6459,"GBP":0.18708,"HKD":1.8229,"HRK":1.6443,"HUF":68.317,"IDR":3127.7,"ILS":0.86874,"INR":15.644,"JPY":26.354,"KRW":265.26,"MXN":4.6254,"MYR":1.0429,"NOK":1.9563,"NZD":0.32568,"PHP":11.79,"PLN":0.95433,"RUB":13.647,"SEK":2.1073,"SGD":0.32969,"THB":8.1926,"TRY":0.84107,"USD":0.23487,"ZAR":3.0334,"EUR":0.22139}}url: http://api.fixer.io/latest?base=RUBResponse Code: 200Response Data: {"base":"RUB","date":"2017-02-24","rates":{"AUD":0.022413,"BGN":0.031727,"BRL":0.05316,"CAD":0.02256,"CHF":0.017275,"CNY":0.11822,"CZK":0.43834,"DKK":0.1206,"GBP":0.013708,"HKD":0.13358,"HRK":0.12049,"HUF":5.006,"IDR":229.19,"ILS":0.063657,"INR":1.1463,"JPY":1.9311,"KRW":19.437,"MXN":0.33893,"MYR":0.076421,"NOK":0.14335,"NZD":0.023864,"PHP":0.86391,"PLN":0.069929,"RON":0.073276,"SEK":0.15442,"SGD":0.024158,"THB":0.60032,"TRY":0.06163,"USD":0.01721,"ZAR":0.22228,"EUR":0.016222}}url: http://api.fixer.io/latest?base=SEKResponse Code: 200Response Data: {"base":"SEK","date":"2017-02-24","rates":{"AUD":0.14514,"BGN":0.20547,"BRL":0.34427,"CAD":0.1461,"CHF":0.11187,"CNY":0.76557,"CZK":2.8387,"DKK":0.78102,"GBP":0.088775,"HKD":0.86504,"HRK":0.7803,"HUF":32.419,"IDR":1484.2,"ILS":0.41225,"INR":7.4236,"JPY":12.506,"KRW":125.88,"MXN":2.1949,"MYR":0.4949,"NOK":0.92832,"NZD":0.15455,"PHP":5.5947,"PLN":0.45286,"RON":0.47453,"RUB":6.476,"SGD":0.15645,"THB":3.8877,"TRY":0.39912,"USD":0.11145,"ZAR":1.4395,"EUR":0.10506}}url: http://services.groupkt.com/country/search?text=AfghanistanResponse Code: 200Response Data: {
  "RestResponse" : {
    "messages" : [ "More webservices are available at http://www.groupkt.com/post/f2129b88/services.htm", "Total [1] records found." ],
    "result" : [ {
      "name" : "Afghanistan",
      "alpha2_code" : "AF",
      "alpha3_code" : "AFG"
    } ]
  }
}url: http://services.groupkt.com/country/search?text=Åland%20IslandsResponse Code: 200Response Data: {
  "RestResponse" : {
    "messages" : [ "More webservices are available at http://www.groupkt.com/post/f2129b88/services.htm", "No matching country found for requested code [Ãland Islands]." ],
    "result" : [ ]
  }
}url: http://services.groupkt.com/country/search?text=AlbaniaResponse Code: 200Response Data: {
  "RestResponse" : {
    "messages" : [ "More webservices are available at http://www.groupkt.com/post/f2129b88/services.htm", "Total [1] records found." ],
    "result" : [ {
      "name" : "Albania",
      "alpha2_code" : "AL",
      "alpha3_code" : "ALB"
    } ]
  }
}url: http://services.groupkt.com/country/search?text=AlgeriaResponse Code: 200Response Data: {
  "RestResponse" : {
    "messages" : [ "More webservices are available at http://www.groupkt.com/post/f2129b88/services.htm", "Total [1] records found." ],
    "result" : [ {
      "name" : "Algeria",
      "alpha2_code" : "DZ",
      "alpha3_code" : "DZA"
    } ]
  }
}url: http://services.groupkt.com/country/search?text=American%20SamoaResponse Code: 200Response Data: {
  "RestResponse" : {
    "messages" : [ "More webservices are available at http://www.groupkt.com/post/f2129b88/services.htm", "Total [1] records found." ],
    "result" : [ {
      "name" : "American Samoa",
      "alpha2_code" : "AS",
      "alpha3_code" : "ASM"
    } ]
  }
}url: http://services.groupkt.com/country/search?text=AndorraResponse Code: 200Response Data: {
  "RestResponse" : {
    "messages" : [ "More webservices are available at http://www.groupkt.com/post/f2129b88/services.htm", "Total [1] records found." ],
    "result" : [ {
      "name" : "Andorra",
      "alpha2_code" : "AD",
      "alpha3_code" : "AND"
    } ]
  }
}url: http://services.groupkt.com/country/search?text=AngolaResponse Code: 200Response Data: {
  "RestResponse" : {
    "messages" : [ "More webservices are available at http://www.groupkt.com/post/f2129b88/services.htm", "Total [1] records found." ],
    "result" : [ {
      "name" : "Angola",
      "alpha2_code" : "AO",
      "alpha3_code" : "AGO"
    } ]
  }
}url: http://services.groupkt.com/country/search?text=AfghanistanResponse Code: 200Response Data: {
  "RestResponse" : {
    "messages" : [ "More webservices are available at http://www.groupkt.com/post/f2129b88/services.htm", "Total [1] records found." ],
    "result" : [ {
      "name" : "Afghanistan",
      "alpha2_code" : "AF",
      "alpha3_code" : "AFG"
    } ]
  }
}url: http://services.groupkt.com/country/search?text=Åland%20IslandsResponse Code: 200Response Data: {
  "RestResponse" : {
    "messages" : [ "More webservices are available at http://www.groupkt.com/post/f2129b88/services.htm", "No matching country found for requested code [Ãland Islands]." ],
    "result" : [ ]
  }
}url: http://services.groupkt.com/country/search?text=AlbaniaResponse Code: 200Response Data: {
  "RestResponse" : {
    "messages" : [ "More webservices are available at http://www.groupkt.com/post/f2129b88/services.htm", "Total [1] records found." ],
    "result" : [ {
      "name" : "Albania",
      "alpha2_code" : "AL",
      "alpha3_code" : "ALB"
    } ]
  }
}url: http://services.groupkt.com/country/search?text=AlgeriaResponse Code: 200Response Data: {
  "RestResponse" : {
    "messages" : [ "More webservices are available at http://www.groupkt.com/post/f2129b88/services.htm", "Total [1] records found." ],
    "result" : [ {
      "name" : "Algeria",
      "alpha2_code" : "DZ",
      "alpha3_code" : "DZA"
    } ]
  }
}url: http://services.groupkt.com/country/search?text=American%20SamoaResponse Code: 200Response Data: {
  "RestResponse" : {
    "messages" : [ "More webservices are available at http://www.groupkt.com/post/f2129b88/services.htm", "Total [1] records found." ],
    "result" : [ {
      "name" : "American Samoa",
      "alpha2_code" : "AS",
      "alpha3_code" : "ASM"
    } ]
  }
}url: http://services.groupkt.com/country/search?text=AndorraResponse Code: 200Response Data: {
  "RestResponse" : {
    "messages" : [ "More webservices are available at http://www.groupkt.com/post/f2129b88/services.htm", "Total [1] records found." ],
    "result" : [ {
      "name" : "Andorra",
      "alpha2_code" : "AD",
      "alpha3_code" : "AND"
    } ]
  }
}url: http://services.groupkt.com/country/search?text=AngolaResponse Code: 200Response Data: {
  "RestResponse" : {
    "messages" : [ "More webservices are available at http://www.groupkt.com/post/f2129b88/services.htm", "Total [1] records found." ],
    "result" : [ {
      "name" : "Angola",
      "alpha2_code" : "AO",
      "alpha3_code" : "AGO"
    } ]
  }
}